element,sp_num,lambda,intens,Aki(s^-1),S(a.u.),Acc,Ei(cm-1),Ek(cm-1),conf_i,term_i,J_i,conf_k,term_k,J_k,line_ref
Xe,1,4.90282,1*,,,,95196.53,97236.276,5p5.(2P*<3/2>).10p,2[5/2],3,5p5.(2P*<3/2>).16d,2[7/2]*,3,L1975
Xe,1,4.90282,1*,,,,94685.467,96725.3,5p5.(2P*<3/2>).8d,2[3/2]*,1,5p5.(2P*<3/2>).10f,2[3/2],2,L1975
Xe,1,4.90282,1*,,,,94787.084,96827.0,5p5.(2P*<3/2>).10s,2[3/2]*,1,5p5.(2P*<3/2>).14p,2[5/2],2,L1975
Ne,1,4.90451,20,,,,167449.4698,169488.4193,2s2.2p5.(2P*<3/2>).5p,2[1/2],1,2s2.2p5.(2P*<3/2>).5d,2[1/2]*,1,L1975
Xe,1,4.90521,2,,,,92721.53,94759.935,5p5.(2P*<3/2>).7d,2[3/2]*,2,5p5.(2P*<3/2>).6f,2[5/2],2,L1975
Cr,1,4.905457,13,,,,36558.446,38596.9917,3d5.(2F2).4s,d 3F,2,3d4.(5D).4s.4p.(3P*),z 3D*,1,L14866
Th,1,4.90758,1,,,,18699.62342,20737.28686,5f.7s2.7p,3F,2,,*,1,L9974
Xe,1,4.90887,1,,,,95196.53,97233.418,5p5.(2P*<3/2>).10p,2[5/2],3,5p5.(2P*<3/2>).16d,2[7/2]*,4,L1975
Ar,2,4.9096796,78,,,,200393.1067,202429.8993,3s2.3p4.(3P).5d,4F,9/2,3s2.3p4.(3P).6p,4D*,7/2,L11520
Fe,2,4.91023,1.4e-04,,,,112994.097,115030.664,3d6.(5D<4>).5f,2[6]*,11/2,3d6.(3D).4d,4F,9/2,L18349c139
Xe,1,4.91102,1*,,,,92733.597,94769.524,5p5.(2P*<3/2>).7d,2[5/2]*,3,5p5.(2P*<3/2>).6f,2[7/2],4,L1975
Xe,1,4.91102,1*,,,,92721.53,94758.116,5p5.(2P*<3/2>).7d,2[3/2]*,2,5p5.(2P*<3/2>).6f,2[5/2],3,L1975
Fe,2,4.911352,7.e-04,,,,105127.773,107163.871,3d6.(5D).5d,4D,5/2,3d6.(5D).6p,4P*,5/2,L18349c139
Ti,1,4.91694,57,,,,17540.188,19573.974,3d3.(2D2).4s,a 3D,3,3d2.(3F).4s.4p.(3P*),z 3F*,4,L10989
Ne,2,4.91723,32,,,,314018.9129,316052.5791,2s2.2p4.(3P).6s,2P,1/2,2s2.2p4.(3P).6p,2D*,3/2,L11301
Ne,1,4.91762,10,,,,167449.4698,169482.9862,2s2.2p5.(2P*<3/2>).5p,2[1/2],1,2s2.2p5.(2P*<3/2>).5d,2[1/2]*,0,L1975
C,1,4.918379,7900p,490000.0,144.0,B,79310.86822,81344.05485,2s2.2p.3d,3P*,2,2s2.2p.4p,3P,2,L12175c183
Xe,1,4.92014,8,,,,88911.692,90944.133,5p5.(2P*<3/2>).6d,2[7/2]*,4,5p5.(2P*<3/2>).4f,2[7/2],4,L1975
Fe,1,4.920581,339,,,,51361.391,53393.673,3d6.(5D).4s (6D).5p,t 5D*,3,3d7.(4F).4d,g 5F,4,L11631
Ti,1,4.92255,9,,,,43009.4937,45040.955,3d4,3F1,4,3d3.(4F).5p,3F*,4,L10989
Fe,2,4.9228588,2.1e-03,,,,104593.292,106624.631,3d6.(5D).5d,6G,11/2,3d5.(4F).4s.4p.(3P*),6F*,9/2,L18349c139
Fe,1,4.926009,309,,,,17726.988,19757.032,3d7.(4P).4s,a 5P,2,3d6.(5D).4s.4p.(3P*),z 7D*,3,L11631
Xe,1,4.92745,1,,,,94285.5,96315.16,5p5.(2P*<3/2>).9p,2[1/2],0,5p5.(2P*<3/2>).11d,2[1/2]*,1,L1975
Fe,2,4.927841,2.3e-04,,,,104863.432,106892.717,3d6.(5D).5d,4G,11/2,3d6.(5D).6p,6F*,11/2,L18349c139
Xe,1,4.93229,13*,,,,94285.651,96312.89,5p5.(2P*<3/2>).8d,2[3/2]*,2,5p5.(2P*<3/2>).12p,2[3/2],2,L1975
Xe,1,4.93229,13*,,,,77185.041,79212.465,5p5.(2P*<1/2>).6s,2[1/2]*,1,5p5.(2P*<3/2>).6p,2[3/2],2,L1975
Th,2,4.9332251,3,,,,14790.99291,16818.06540,5f.6d.(3G*).7s,*,7/2,6d3,2G,7/2,L9974
Ti,1,4.93589,9,,,,37659.992,39685.964,3d2.4s.(4F).5s,e 3F,3,3d3.(2D2).4p,s 3D*,2,L10989
C,1,4.937662,1900q,147000.0,44.0,B,79318.8093,81344.05485,2s2.2p.3d,3P*,1,2s2.2p.4p,3P,2,L12175c183
Xe,1,4.93796,1,,,,92264.95,94290.225,5p5.(2P*<3/2>).8p,2[5/2],3,5p5.(2P*<3/2>).8d,2[7/2]*,3,L1975
Ne,2,4.940145,24,,,,312903.465,314927.6979,2s2.2p4.(3P).6s,4P,5/2,2s2.2p4.(3P).6p,4P*,5/2,L11301
Ti,1,4.94282,10,,,,37617.894,39641.021,3d3.(2G).4p,v 3G*,4,3d3.(4F).5s,f 3F,3,L10989
Fe,2,4.943003,2.8e-04bl(Fe I),,,,104569.226,106592.294,3d6.(3P2).4d,4F,5/2,3d5.(2D3).4s.4p.(3P*),4P*,5/2,L18349c148
Fe,1,4.943004,810,,,,54479.902,56502.957,3d6.4s.(6D).6s,5D,4,3d6.4s.(6D).6p,7F*,5,L11631
Ne,2,4.944281,18,,,,313180.2149,315202.7541,2s2.2p4.(3P).6s,2P,3/2,2s2.2p4.(3P).6p,2D*,5/2,L11301
Th,2,4.9461422,3,,,,4146.57708,6168.35582,6d2.(3F).7s,4F,7/2,5f.6d.(3H*).7s,4H*,7/2,L9974
Xe,1,4.94805,1*,,,,92264.95,94285.651,5p5.(2P*<3/2>).8p,2[5/2],3,5p5.(2P*<3/2>).8d,2[3/2]*,2,L1975
Xe,1,4.94805,1*,,,,92714.038,94734.882,5p5.(2P*<3/2>).7d,2[3/2]*,1,5p5.(2P*<3/2>).6f,2[3/2],1,L1975
Ti,1,4.95467,46,,,,20062.886,22081.189,3d3.(2P).4s,a 1P,1,3d2.(3F).4s.4p.(3P*),z 1D*,2,L10989
C,1,4.962913,2100p,213000.0,39.0,B,79310.86822,81325.81077,2s2.2p.3d,3P*,2,2s2.2p.4p,3P,1,L12175c183
Xe,1,4.96697,1,,,,92721.53,94734.882,5p5.(2P*<3/2>).7d,2[3/2]*,2,5p5.(2P*<3/2>).6f,2[3/2],1,L1975
Xe,1,4.96816,1,,,,94110.15,96122.77,5p5.(2P*<3/2>).9p,2[5/2],2,5p5.(2P*<3/2>).12s,2[3/2]*,1,L1975
Fe,1,4.969539,219,,,,17550.181,19562.439,3d7.(4P).4s,a 5P,3,3d6.(5D).4s.4p.(3P*),z 7D*,4,L11631
Xe,1,4.97238,1,,,,92733.597,94744.718,5p5.(2P*<3/2>).7d,2[5/2]*,3,5p5.(2P*<3/2>).6f,2[9/2],4,L1975
Fe,2,4.974578,1.9e-04,,,,105449.557,107459.780,3d6.(5D).5d,4G,7/2,3d5.(2F1).4s.4p.(3P*),4G*,7/2,L18349c139
Th,1,4.976287,3,,,,7795.275291,9804.806547,5f.6d.7s2,3H*,4,6d3.(4F).7s,5F,5,L9974
Fe,2,4.97774,4.e-04,,,,104174.285,106183.228,3d6.(3H).4d,4I,11/2,3d5.(2I).4s.4p.(3P*),2K*,13/2,L18349c139
Xe,1,4.97874,1,,,,94290.225,96298.95,5p5.(2P*<3/2>).8d,2[7/2]*,3,5p5.(2P*<3/2>).12p,2[5/2],3,L1975
C,1,4.982554,2000,177000.0,32.0,B,79318.8093,81325.81077,2s2.2p.3d,3P*,1,2s2.2p.4p,3P,1,L12175c183
Xe,1,4.98388,1,,,,92333.066,94339.433,5p5.(2P*<3/2>).8p,2[3/2],1,5p5.(2P*<3/2>).8d,2[5/2]*,2,L1975
Th,1,4.989603,1,,,,29711.62048,31715.78811,,*,5,,,6,L9974
Xe,1,4.9922,2*,,,,95181.66,97185.120,5p5.(2P*<3/2>).10p,2[5/2],2,5p5.(2P*<3/2>).17s,2[3/2]*,1,L1975
Xe,1,4.9922,2*,,,,92733.597,94737.121,5p5.(2P*<3/2>).7d,2[5/2]*,3,5p5.(2P*<3/2>).6f,2[3/2],2,L1975
C,1,4.993451,2600,203000.0,37.0,B,79323.1883,81325.81077,2s2.2p.3d,3P*,0,2s2.2p.4p,3P,1,L12175c183
Th,2,4.9993408,230,,,,8378.85915,10379.12308,5f.7s2,2F*,7/2,6d2.(1G).7s,,9/2,L9974
Xe,1,5.00217,2,,,,92370.923,94369.995,5p5.(2P*<3/2>).8p,2[3/2],2,5p5.(2P*<3/2>).8d,2[5/2]*,3,L1975
Ti,1,5.00569,40,,,,17423.856,19421.580,3d3.(2D2).4s,a 3D,2,3d2.(3F).4s.4p.(3P*),z 3F*,3,L10989
Ne,1,5.00626,10,,,,170289.6782,172287.066,2s2.2p5.(2P*<1/2>).5d,2[5/2]*,3,2s2.2p5.(2P*<3/2>).9p,2[5/2],2,L1975
Th,1,5.0105045,5,,,,24259.77463,26255.58209,,*,4,,,4,L9974
Ti,1,5.01067,12,,,,34204.985,36200.732,3d2.(1G).4s.4p.(3P*),v 3F*,4,3d4,b 3G,5,L10989
Xe,1,5.01222,1,,,,88911.692,90907.090,5p5.(2P*<3/2>).6d,2[7/2]*,4,5p5.(2P*<3/2>).4f,2[5/2],3,L1975
Th,2,5.0145711,3,,,,13248.70938,15242.89888,6d3,4F,9/2,5f.(2F*).6d2.(3F),4H*,9/2,L9974
Mg,2,5.016119,400,2530000.0,631.0,A,110203.58,112197.17,2p6.7p,2P*,1/2,2p6.7d,2D,3/2,L6692
Ar,2,5.0165159,20,,,,201351.6169,203345.0332,3s2.3p4.(3P).5d,4F,5/2,3s2.3p4.(3P).6p,2D*,3/2,L11520
C,1,5.019462,1400,570000.0,35.0,B,79318.8093,81311.0544,2s2.2p.3d,3P*,1,2s2.2p.4p,3P,0,L12175c183
Xe,1,5.02438,1,,,,89162.356,91152.670,5p5.(2P*<1/2>).6p,2[3/2],2,5p5.(2P*<1/2>).5d,2[5/2]*,2,L1975
Mg,2,5.027508,630,3030000.0,1140.0,A,110207.99,112197.05,2p6.7p,2P*,3/2,2p6.7d,2D,5/2,L6692
Ti,1,5.02955,12,,,,25037.405,27025.659,3d3.(2F).4s,3F,4,3d2.(1D).4s.4p.(3P*),x 3F*,4,L10989
Xe,1,5.03285,1,,,,95154.37,97141.557,5p5.(2P*<3/2>).10p,2[1/2],1,5p5.(2P*<3/2>).15d,2[5/2]*,2,L1975
Ti,1,5.03306,9,,,,34078.606,36065.466,3d2.(1G).4s.4p.(3P*),v 3F*,3,3d4,b 3G,3,L10989
Cr,1,5.035569,6,,,,31352.3828,33338.2563,3d5.(4F).4s,a 5F,1,3d4.(5D).4s.4p.(3P*),z 5D*,0,L14866
Xe,1,5.04132,1,,,,97068.986,99052.8,5p5.(2P*<3/2>).16s,2[3/2]*,2,5p5.(2P*<1/2>).7p,2[1/2],1,L1975
Ti,1,5.04853,39,,,,18145.286,20126.062,3d3.(2P).4s,b 3P,2,3d2.(3F).4s.4p.(3P*),z 3D*,3,L10989
Ar,2,5.05705,9,,,,201030.3698,203007.8061,3s2.3p4.(3P).5d,4P,1/2,3s2.3p4.(1D).5p,2P*,3/2,L11520
Th,2,5.0631294,11,,,,12570.49403,14545.55724,6d3,,7/2,5f.6d.(3D*).7s,4D*,5/2,L9974
Xe,1,5.06479,1,,,,94134.53,96109.22,5p5.(2P*<3/2>).9p,2[5/2],3,5p5.(2P*<3/2>).12s,2[3/2]*,2,L1975
Xe,1,5.06747,2*,,,,95334.723,97307.9,5p5.(2P*<3/2>).9d,2[5/2]*,3,5p5.(2P*<3/2>).18p,2[5/2],2,L1975
Xe,1,5.06747,2*,,,,94339.433,96312.89,5p5.(2P*<3/2>).8d,2[5/2]*,2,5p5.(2P*<3/2>).12p,2[3/2],2,L1975
Xe,1,5.06747,2*,,,,91447.474,93420.823,5p5.(2P*<1/2>).5d,2[3/2]*,2,5p5.(2P*<3/2>).5f,2[7/2],3,L1975
Xe,1,5.06747,2*,,,,94758.116,96731.584,5p5.(2P*<3/2>).6f,2[5/2],3,5p5.(2P*<3/2>).14s,2[3/2]*,2,L1975
Ti,1,5.07135,9,,,,37555.058,39526.912,3d3.(2G).4p,v 3G*,3,3d3.(4F).5s,f 3F,2,L10989
Xe,1,5.07567,1,,,,94759.927,96730.1,5p5.(2P*<3/2>).10s,2[3/2]*,2,5p5.(2P*<3/2>).10f,2[5/2],2,L1975
Th,1,5.0758177,3,,,,21143.42198,23113.54761,6d3.(2H).7s,1H,5,5f.6d2.7s,5G*,4,L9974
Xe,1,5.07793,1,,,,94759.927,96729.49,5p5.(2P*<3/2>).10s,2[3/2]*,2,5p5.(2P*<3/2>).10f,2[5/2],3,L1975
Ne,1,5.08156,10,,,,167559.0633,169526.8869,2s2.2p5.(2P*<3/2>).5p,2[5/2],3,2s2.2p5.(2P*<3/2>).5d,2[5/2]*,3,L1975
Xe,1,5.08838,1,,,,94759.927,96725.3,5p5.(2P*<3/2>).10s,2[3/2]*,2,5p5.(2P*<3/2>).10f,2[3/2],2,L1975
Al,1,5.097474,1250,1600000.0,420.0,A,40271.978,42233.742,3s2.5p,2P*,1/2,3s2.4d,2D,3/2,L6693
Xe,1,5.09842,2,,,,92264.95,94226.320,5p5.(2P*<3/2>).8p,2[5/2],3,5p5.(2P*<3/2>).8d,2[7/2]*,4,L1975
Al,1,5.102218,1600,,,,40277.883,42237.783,3s2.5p,2P*,3/2,3s2.4d,2D,5/2,L10321c14
Al,1,5.102278,4250hfs,1930000.0,759.0,A,40277.883,42237.783,3s2.5p,2P*,3/2,3s2.4d,2D,5/2,L10321c150
Al,1,5.102288,1400,,,,40277.883,42237.783,3s2.5p,2P*,3/2,3s2.4d,2D,5/2,L10321c14
Al,1,5.102345,1250,,,,40277.883,42237.783,3s2.5p,2P*,3/2,3s2.4d,2D,5/2,L10321c14
Xe,1,5.10398,1*,,,,94339.433,96298.95,5p5.(2P*<3/2>).8d,2[5/2]*,2,5p5.(2P*<3/2>).12p,2[5/2],3,L1975
Xe,1,5.10398,1*,,,,94734.882,96694.39,5p5.(2P*<3/2>).6f,2[3/2],1,5p5.(2P*<3/2>).12d,2[3/2]*,1,L1975
Ar,2,5.107727,10,,,,202155.9425,204113.7598,3s2.3p4.(3P).5d,2F,5/2,3s2.3p4.(1D).5p,2D*,3/2,L11520
Ti,1,5.1097,9,,,,42965.9148,44922.979,3d4,3F1,3,3d3.(4F).5p,3F*,3,L10989
Al,1,5.112864,250,319000.0,84.2,A,40277.883,42233.742,3s2.5p,2P*,3/2,3s2.4d,2D,3/2,L6693
Xe,1,5.11403,1,,,,95181.66,97137.316,5p5.(2P*<3/2>).10p,2[5/2],2,5p5.(2P*<3/2>).15d,2[7/2]*,3,L1975
Ne,1,5.11659,30,,,,165912.7861,167867.1941,2s2.2p5.(2P*<3/2>).5s,2[3/2]*,1,2s2.2p5.(2P*<3/2>).5p,2[1/2],0,L1975
Xe,1,5.11766,3,,,,91447.474,93401.466,5p5.(2P*<1/2>).5d,2[3/2]*,2,5p5.(2P*<3/2>).5f,2[5/2],3,L1975
Ti,1,5.11914,29,,,,17369.529,19322.984,3d3.(2D2).4s,a 3D,1,3d2.(3F).4s.4p.(3P*),z 3F*,2,L10989
H,1,5.12865,(450),36881.0,490.9,AAA,106632.1681,108581.9945,6,,,10,,,L7452
Ar,2,5.1306795,29,,,,201781.8583,203730.9181,3s2.3p4.(3P).5d,4P,5/2,3s2.3p4.(3P).6p,2P*,3/2,L11520
Xe,1,5.13084,40,,,,88911.692,90860.655,5p5.(2P*<3/2>).6d,2[7/2]*,4,5p5.(2P*<3/2>).4f,2[9/2],5,L1975
Ne,2,5.133549,10,,,,313652.1424,315600.112,2s2.2p4.(3P).6s,4P,3/2,2s2.2p4.(3P).6p,4P*,1/2,L11301
Ti,1,5.1423,19,,,,18061.387,20006.039,3d3.(2P).4s,b 3P,1,3d2.(3F).4s.4p.(3P*),z 3D*,2,L10989
Ne,1,5.14766,20,,,,167559.0633,169501.6353,2s2.2p5.(2P*<3/2>).5p,2[5/2],3,2s2.2p5.(2P*<3/2>).5d,2[7/2]*,4,L1975
Ti,1,5.14838,12,,,,17995.487,19937.855,3d3.(2P).4s,b 3P,0,3d2.(3F).4s.4p.(3P*),z 3D*,1,L10989
Xe,1,5.15212,1,,,,95196.53,97137.316,5p5.(2P*<3/2>).10p,2[5/2],3,5p5.(2P*<3/2>).15d,2[7/2]*,3,L1975
Ti,1,5.15244,9,,,,42214.7689,44155.596,3d2.4s.(4F).4d,3H,4,3d2.4s.(4F).5p,3G*,3,L10989
Al,2,5.155019,117,,,,121483.5,123423.36,3s.4d,3D,3,3s.4f,3F*,4,L6693c14
Al,2,5.155139,43,,,,121483.5,123423.36,3s.4d,3D,3,3s.4f,3F*,4,L6693c14
Al,2,5.155167,374hfs,373000.0,227.0,A,121483.5,123423.36,3s.4d,3D,3,3s.4f,3F*,4,L6693c150
Al,2,5.155205,162,,,,121483.5,123423.36,3s.4d,3D,3,3s.4f,3F*,4,L6693c14
Al,2,5.155311,29,,,,121483.5,123423.36,3s.4d,3D,3,3s.4f,3F*,4,L6693c14
Al,2,5.155527,23,,,,121483.5,123423.36,3s.4d,3D,3,3s.4f,3F*,4,L6693c14
Al,2,5.162204,17,,,,121483.5,123420.45,3s.4d,3D,3,3s.4f,3F*,3,L6693c14
Al,2,5.162287,21,,,,121483.5,123420.45,3s.4d,3D,3,3s.4f,3F*,3,L6693c14
Al,2,5.162447,25,,,,121483.5,123420.45,3s.4d,3D,3,3s.4f,3F*,3,L6693c14
Al,2,5.162571,107hfs,41300.0,19.6,B+,121483.5,123420.45,3s.4d,3D,3,3s.4f,3F*,3,L6693c150
Al,2,5.162727,27,,,,121483.5,123420.45,3s.4d,3D,3,3s.4f,3F*,3,L6693c14
Al,2,5.163222,17,,,,121483.5,123420.45,3s.4d,3D,3,3s.4f,3F*,3,L6693c14
Al,2,5.163668,76,,,,121483.92,123420.45,3s.4d,3D,2,3s.4f,3F*,3,L6693c14
Al,2,5.163713,76,,,,121483.92,123420.45,3s.4d,3D,2,3s.4f,3F*,3,L6693c14
Al,2,5.163899,258hfs,329000.0,156.0,A,121483.92,123420.45,3s.4d,3D,2,3s.4f,3F*,3,L6693c150
Al,2,5.164038,81,,,,121483.92,123420.45,3s.4d,3D,2,3s.4f,3F*,3,L6693c14
Al,2,5.164716,25,,,,121483.92,123420.45,3s.4d,3D,2,3s.4f,3F*,3,L6693c14
Ti,1,5.16522,9,,,,43467.537,45403.556,3d2.4s.(4F).5p,r 3F*,2,3d2.4s.(2F).4d,3G,3,L10989
Xe,1,5.16655,1,,,,94110.15,96045.77,5p5.(2P*<3/2>).9p,2[5/2],2,5p5.(2P*<3/2>).10d,2[3/2]*,1,L1975
Cu,1,5.167123,65800,,,,52848.751,54784.065,3d10.6s,2S,1/2,3d10.6p,2P*,3/2,L18039
Ne,1,5.1678,20,,,,167591.2335,169526.2708,2s2.2p5.(2P*<3/2>).5p,2[5/2],2,2s2.2p5.(2P*<3/2>).5d,2[5/2]*,2,L1975
Al,2,5.169049,28,,,,121483.92,123418.48,3s.4d,3D,2,3s.4f,3F*,2,L6693c14
Al,2,5.169271,73hfs,57700.0,19.7,B+,121483.92,123418.48,3s.4d,3D,2,3s.4f,3F*,2,L6693c150
Al,2,5.169409,45,,,,121483.92,123418.48,3s.4d,3D,2,3s.4f,3F*,2,L6693c14
Al,2,5.170035,28,,,,121484.252,123418.48,3s.4d,3D,1,3s.4f,3F*,2,L6693c14
Al,2,5.170158,66,,,,121484.252,123418.48,3s.4d,3D,1,3s.4f,3F*,2,L6693c14
Al,2,5.170254,170hfs,310000.0,106.0,A,121484.252,123418.48,3s.4d,3D,1,3s.4f,3F*,2,L6693c150
Al,2,5.170337,22,,,,121484.252,123418.48,3s.4d,3D,1,3s.4f,3F*,2,L6693c14
Al,2,5.170452,54,,,,121484.252,123418.48,3s.4d,3D,1,3s.4f,3F*,2,L6693c14
Ne,1,5.1709,20,,,,168355.4583,170289.3243,2s2.2p5.(2P*<1/2>).5p,2[3/2],1,2s2.2p5.(2P*<1/2>).5d,2[5/2]*,2,L1975
Ne,1,5.17194,20,,,,168355.4583,170288.9415,2s2.2p5.(2P*<1/2>).5p,2[3/2],1,2s2.2p5.(2P*<1/2>).5d,2[3/2]*,2,L1975
Ti,1,5.17201,9,,,,37852.437,39785.923,3d3.(2D2).4p,u 3F*,4,3d3.(4F).5s,f 3F,4,L10989
Xe,1,5.17213,1,,,,93401.466,95334.723,5p5.(2P*<3/2>).5f,2[5/2],3,5p5.(2P*<3/2>).9d,2[5/2]*,3,L1975
Ne,1,5.17937,20,,,,168358.6202,170289.3243,2s2.2p5.(2P*<1/2>).5p,2[1/2],1,2s2.2p5.(2P*<1/2>).5d,2[5/2]*,2,L1975
Ne,1,5.18041,40*,,,,168358.6202,170288.9415,2s2.2p5.(2P*<1/2>).5p,2[1/2],1,2s2.2p5.(2P*<1/2>).5d,2[3/2]*,2,L1975
Ne,1,5.18041,40*,,,,166656.5114,168586.8304,2s2.2p5.(2P*<1/2>).5s,2[1/2]*,1,2s2.2p5.(2P*<1/2>).5p,2[1/2],0,L1975
Ti,1,5.18862,9,,,,34204.985,36132.283,3d2.(1G).4s.4p.(3P*),v 3F*,4,3d4,b 3G,4,L10989
Mg,2,5.193149,500,1540000.0,213.0,A,110203.58,112129.20,2p6.7p,2P*,1/2,2p6.8s,2S,1/2,L6692
Xe,1,5.20352,1,,,,94369.995,96292.0,5p5.(2P*<3/2>).8d,2[5/2]*,3,5p5.(2P*<3/2>).12p,2[5/2],2,L1975
Mg,2,5.205037,1000,3080000.0,429.0,A,110207.99,112129.20,2p6.7p,2P*,3/2,2p6.8s,2S,1/2,L6692
Xe,1,5.2105,6*,,,,89024.89,90944.133,5p5.(2P*<3/2>).6d,2[7/2]*,3,5p5.(2P*<3/2>).4f,2[7/2],4,L1975
Xe,1,5.2105,6*,,,,89024.89,90944.050,5p5.(2P*<3/2>).6d,2[7/2]*,3,5p5.(2P*<3/2>).4f,2[7/2],3,L1975
Xe,1,5.21154,1*,,,,94190.24,96109.22,5p5.(2P*<3/2>).9p,2[3/2],2,5p5.(2P*<3/2>).12s,2[3/2]*,2,L1975
Xe,1,5.21154,1*,,,,91447.474,93366.245,5p5.(2P*<1/2>).5d,2[3/2]*,2,5p5.(2P*<3/2>).5f,2[3/2],2,L1975
Th,1,5.2120184,5,,,,17354.638583,19273.28060,5f.6d.7s2,3D*,1,6d3.(2P).7s,,2,L9974
Ti,1,5.22066,9,,,,43583.355,45498.815,3d2.4s.(4F).5p,r 3F*,3,3d2.4s.(2F).4d,3G,4,L10989
Xe,1,5.22259,1,,,,92370.923,94285.651,5p5.(2P*<3/2>).8p,2[3/2],2,5p5.(2P*<3/2>).8d,2[3/2]*,2,L1975
Th,2,5.2234195,7*,,,,6691.3873,8605.84210,5f.6d.(3F*).7s,4F*,3/2,6d2.(3F).7s,2F,5/2,L9974
Th,1,5.2234195,7*,,,,37605.7352,39520.1900,,*,4,,,4,L9974
Xe,1,5.2315,1,,,,93362.671,95274.415,5p5.(2P*<3/2>).5f,2[3/2],1,5p5.(2P*<3/2>).9d,2[3/2]*,2,L1975
Ne,1,5.23276,60*,,,,167591.2335,169502.2893,2s2.2p5.(2P*<3/2>).5p,2[5/2],2,2s2.2p5.(2P*<3/2>).5d,2[7/2]*,3,L1975
Ne,1,5.23276,60*,,,,168378.7113,170289.6782,2s2.2p5.(2P*<1/2>).5p,2[3/2],2,2s2.2p5.(2P*<1/2>).5d,2[5/2]*,3,L1975
C,1,5.25688,19000bl,138000.0,49.0,C+,83497.5869,85399.833,2s2.2p.4d,1D*,2,2s2.2p.5p,1D,2,L9405c188
Th,1,5.26024,1,,,,25442.68552,27343.74101,,*,3,5f.6d.7s.7p,5H,3,L9974
Ti,1,5.26557,13,,,,17423.856,19322.984,3d3.(2D2).4s,a 3D,2,3d2.(3F).4s.4p.(3P*),z 3F*,2,L10989
Th,2,5.2704958,7,,,,10673.13832,12570.49403,5f.6d.(3F*).7s,*,5/2,6d3,,7/2,L9974
Ti,1,5.27131,9,,,,37743.962,39641.021,3d3.(2D2).4p,u 3F*,3,3d3.(4F).5s,f 3F,3,L10989
Th,2,5.2791953,9,,,,13250.50912,15144.73767,6d2.(1D).7s,,5/2,5f.6d.(3P*).7s,*,3/2,L9974
Ar,2,5.2826774,43,,,,201608.9017,203501.8810,3s2.3p4.(3P).5d,2F,7/2,3s2.3p4.(3P).6p,2D*,5/2,L11520
Ti,1,5.28909,9,,,,37824.758,39715.439,3d2.4s.(4F).5s,e 3F,4,3d3.(2D2).4p,s 3D*,3,L10989
Th,1,5.2932528,13,,,,13847.77037,15736.968041,6d3.(4F).7s,3F,2,6d2.7s.7p,5F*,1,L9974
Ti,1,5.29378,9,,,,42368.0934,44257.098,3d2.4s.(4F).4d,3H,5,3d2.4s.(4F).5p,3G*,4,L10989
Kr,1,5.2965,,,,,105988.81,107876.9080,4s2.4p5.(2P*<3/2>).4f,2[9/2],4,4s2.4p5.(2P*<3/2>).6d,2[7/2]*,3,L4227
Cu,1,5.29856,13000,,,,54784.065,56671.377,3d10.6p,2P*,3/2,3d10.7s,2S,1/2,L18039
Xe,1,5.29992,1,,,,94744.718,96631.610,5p5.(2P*<3/2>).6f,2[9/2],4,5p5.(2P*<3/2>).12d,2[7/2]*,3,L1975
Ne,1,5.30021,10,,,,167639.5697,169526.2708,2s2.2p5.(2P*<3/2>).5p,2[3/2],1,2s2.2p5.(2P*<3/2>).5d,2[5/2]*,2,L1975
Kr,1,5.302,*,,,,108516.98,110403.6385,4s2.4p5.(2P*<3/2>).5f,2[7/2],4,4s2.4p5.(2P*<3/2>).8d,2[7/2]*,4,L4227
Kr,1,5.302,*,,,,109160.957,111047.07,4s2.4p5.(2P*<3/2>).8p,2[3/2],2,4s2.4p5.(2P*<3/2>).9d,2[3/2]*,2,L4227
Kr,1,5.302,*,,,,103121.1419,105007.245,4s2.4p5.(2P*<3/2>).6p,2[5/2],2,4s2.4p5.(2P*<3/2>).5d,2[3/2]*,2,L4227
Ti,1,5.30393,9,,,,43744.793,45630.180,3d2.4s.(4F).5p,r 3F*,4,3d2.4s.(2F).4d,3G,5,L10989
Xe,1,5.31292,1,,,,89024.89,90907.090,5p5.(2P*<3/2>).6d,2[7/2]*,3,5p5.(2P*<3/2>).4f,2[5/2],3,L1975
Ti,1,5.31522,13,,,,17540.188,19421.580,3d3.(2D2).4s,a 3D,3,3d2.(3F).4s.4p.(3P*),z 3F*,3,L10989
Ne,1,5.32402,20*,,,,169797.189,171675.459,2s2.2p5.(2P*<3/2>).6p,2[5/2],3,2s2.2p5.(2P*<3/2>).7d,2[7/2]*,4,L1975
Ne,1,5.32402,20*,,,,167648.6382,169526.8869,2s2.2p5.(2P*<3/2>).5p,2[3/2],2,2s2.2p5.(2P*<3/2>).5d,2[5/2]*,3,L1975
Ne,1,5.32724,10,174000.0,13.0,B,161524.1739,163401.3061,2s2.2p5.(2P*<3/2>).3d,2[1/2]*,1,2s2.2p5.(2P*<3/2>).4p,2[1/2],0,L1975
Th,1,5.3277013,15,,,,15970.09583,17847.07751,6d3.(2D2).7s,,3,5f.6d.7s2,3P*,2,L9974
Ti,1,5.32918,10,,,,18061.387,19937.855,3d3.(2P).4s,b 3P,1,3d2.(3F).4s.4p.(3P*),z 3D*,1,L10989
Ar,2,5.332841,5,,,,186891.0393,188766.2129,3s2.3p4.(3P).4d,4P,5/2,3s2.3p4.(3P).5p,4P*,5/2,L11520
Al,1,5.340634,500,924000.0,139.0,A,40271.978,42144.411,3s2.5p,2P*,1/2,3s2.6s,2S,1/2,L6693
Ti,1,5.34261,66,,,,20209.447,22081.189,3d3.(2D2).4s,b 1D,2,3d2.(3F).4s.4p.(3P*),z 1D*,2,L10989
Al,1,5.357535,1000,1830000.0,277.0,A,40277.883,42144.411,3s2.5p,2P*,3/2,3s2.6s,2S,1/2,L6693
Ti,1,5.37417,9,,,,18145.286,20006.039,3d3.(2P).4s,b 3P,2,3d2.(3F).4s.4p.(3P*),z 3D*,2,L10989
Ne,1,5.37657,10,,,,167648.6382,169508.5627,2s2.2p5.(2P*<3/2>).5p,2[3/2],2,2s2.2p5.(2P*<3/2>).5d,2[3/2]*,2,L1975
Ne,1,5.40478,20,450000.0,35.1,B+,162435.678,164285.8872,2s2.2p5.(2P*<1/2>).3d,2[3/2]*,1,2s2.2p5.(2P*<1/2>).4p,2[1/2],0,L1975
Th,1,5.4108066,7,,,,12114.36618,13962.51989,5f.6d.7s2,1D*,2,6d3.(2D2).7s,,1,L9974
Th,1,5.4146824,7,,,,11241.73043,13088.56115,5f.6d.7s2,3F*,3,6d3.(2G).7s,3G,3,L9974
Ti,1,5.41944,7,,,,42530.2894,44375.500,3d2.4s.(4F).4d,3H,6,3d2.4s.(4F).5p,3G*,5,L10989
Cr,1,5.428623,1,,,,44125.7144,45967.8057,3d5.(6S).5p,w 5P*,1,3d5.(6S).6s,f 5S,2,L14866
Xe,1,5.44472,4,,,,89024.89,90861.506,5p5.(2P*<3/2>).6d,2[7/2]*,3,5p5.(2P*<3/2>).4f,2[9/2],4,L1975
C,1,5.459735,6200,540000.0,131.0,C+,78731.2956,80562.88550,2s2.2p.3d,1P*,1,2s2.2p.4p,1P,1,L12175c183
Ti,1,5.48215,3,,,,25068.842,26892.936,3d3.(2F).4s,3F,3,3d2.(1D).4s.4p.(3P*),x 3F*,3,L10989
Ne,1,5.4931,20,,,,165828.1766,167648.6382,2s2.2p5.(2P*<3/2>).5s,2[3/2]*,2,2s2.2p5.(2P*<3/2>).5p,2[3/2],2,L1975
Kr,1,5.586,,,,,105988.81,107778.8962,4s2.4p5.(2P*<3/2>).4f,2[9/2],5,4s2.4p5.(2P*<3/2>).6d,2[7/2]*,4,L4227
Mg,5,5.599,,0.127,2.5,A,0.0,1783.1,2s2.2p4,3P,2,2s2.2p4,3P,1,L3929
Kr,1,5.6299,*,,,,108514.1824,110290.3165,4s2.4p5.(2P*<1/2>).6p,2[1/2],1,4s2.4p5.(2P*<3/2>).8d,2[1/2]*,1,L4227
Kr,1,5.6299,*,,,,106020.843,107796.8790,4s2.4p5.(2P*<3/2>).4f,2[5/2],3,4s2.4p5.(2P*<3/2>).6d,2[3/2]*,2,L4227
C,1,5.78801,29000bl(Si),308000.0,147.0,B+,81769.87089,83497.58690,2s2.2p.4p,1D,2,2s2.2p.4d,1D*,2,L9405c188
Hg,1,5.882,,,,,77107.807,78813.02,5d10.6s.7d,3D,2,5d9.6s2.(2D<5/2>).6p,2[3/2]*,1,L15179
K,4,5.982,,0.104,2.48,B,0.0,1671.7,3s2.3p4,3P,2,3s2.3p4,3P,1,L7248
Zn,1,6.0823,260,,,,68101.825,69745.9590,3d10.4s.6p,3P*,2,3d10.4s.7s,3S,1,L18676
Hg,1,6.492,,,,,76863.137,78404.24,5d10.6s.8p,1P*,1,5d10.6s.9s,1S,0,L15179
Ar,2,6.985274,,0.053,1.3,A,0.0,1431.5831,3s2.3p5,2P*,3/2,3s2.3p5,2P*,1/2,L6510
Kr,1,7.058,,,,,104630.57,106047.39,4s2.4p5.(2P*<3/2>).5d,2[7/2]*,4,4s2.4p5.(2P*<3/2>).4f,2[7/2],4,L4227
Zn,1,7.16081,230,,,,68607.231,70003.737,3d10.4s.6p,1P*,1,3d10.4s.7s,1S,0,L18676
Zn,1,7.25485,730*,,,,71335.845,72714.245,3d10.4s.5f,3F*,2,3d10.4s.6g,3G,3,L18676
Zn,1,7.25485,730*,,,,71335.863,72714.245,3d10.4s.5f,3F*,3,3d10.4s.6g,3G,4,L18676
Zn,1,7.25551,570,,,,71335.981,72714.245,3d10.4s.5f,3F*,4,3d10.4s.6g,3G,5,L18676
Zn,1,7.25628,460,,,,71336.126,72714.245,3d10.4s.5f,1F*,3,3d10.4s.6g,1G,4,L18676
Cu,1,7.31596,8570,,,,57892.995,59259.870,3d10.6d,2D,3/2,3d10.6f,2F*,5/2,L18473
Na,3,7.3177,,0.0459,1.33,B+,0.0,1366.55,2s2.2p5,2P*,3/2,2s2.2p5,2P*,1/2,L7248
Cu,1,7.32956,14600,,,,57895.024,59259.363,3d10.6d,2D,5/2,3d10.6f,2F*,7/2,L18473
Cu,1,7.34434,19300,,,,57905.117,59266.713,3d10.5f,2F*,5/2,3d10.6g,2G,7/2,L18473
Cu,1,7.38356,27600,,,,57912.353,59266.713,3d10.5f,2F*,7/2,3d10.6g,2G,9/2,L18473
Zn,1,7.40967,4500*,,,,71369.24,72718.827,3d10.4s.5g,1G,4,3d10.4s.6h,"(1/2,11/2)*",5,L18676
Zn,1,7.40967,4500*,,,,71369.24,72718.827,3d10.4s.5g,3G,5,3d10.4s.6h,"(1/2,11/2)*",6,L18676
Zn,1,7.40967,4500*,,,,71369.24,72718.827,3d10.4s.5g,3G,4,3d10.4s.6h,"(1/2,9/2)*",5,L18676
Zn,1,7.40967,4500*,,,,71369.24,72718.827,3d10.4s.5g,3G,3,3d10.4s.6h,"(1/2,9/2)*",4,L18676
C,1,7.42115,550i*,1540000.0,3400.0,B,86485.5912,87833.091,2s2.2p.(2P*<3/2>).5g,2[9/2]*,4,2s2.2p.(2P*<3/2>).6h,2[11/2],5,L9405c188
C,1,7.42115,550i*,1560000.0,4100.0,B,86485.5929,87833.093,2s2.2p.(2P*<3/2>).5g,2[9/2]*,5,2s2.2p.(2P*<3/2>).6h,2[11/2],6,L9405c188
C,1,7.43734,1100i*,1560000.0,2900.0,B,86426.791,87771.358,2s2.2p.(2P*<1/2>).5g,2[7/2]*,3,2s2.2p.(2P*<1/2>).6h,2[9/2],4,L9405c188
C,1,7.43734,1100i*,1610000.0,3600.0,B,86426.7917,87771.359,2s2.2p.(2P*<1/2>).5g,2[7/2]*,4,2s2.2p.(2P*<1/2>).6h,2[9/2],5,L9405c188
C,1,7.438639,1300i*,1500000.0,3400.0,B,86489.6302,87833.962,2s2.2p.(2P*<3/2>).5g,2[7/2]*,4,2s2.2p.(2P*<3/2>).6h,2[9/2],5,L9405c188
C,1,7.438639,1300i*,1460000.0,2700.0,B,86489.6298,87833.962,2s2.2p.(2P*<3/2>).5g,2[7/2]*,3,2s2.2p.(2P*<3/2>).6h,2[9/2],4,L9405c188
Cu,1,7.43887,118000*,,,,57924.129,59268.420,3d10.5g,2G,7/2,3d10.6h,2H*,"9/2,11/2",L18473
Cu,1,7.43887,118000*,,,,57924.129,59268.420,3d10.5g,2G,9/2,3d10.6h,2H*,"9/2,11/2",L18473
C,1,7.43987,2100i*,1620000.0,3600.0,B,86427.25603,87771.366,2s2.2p.(2P*<1/2>).5g,2[9/2]*,4,2s2.2p.(2P*<1/2>).6h,2[11/2],5,L9405c188
C,1,7.43987,2100i*,1650000.0,4400.0,B,86427.2556,87771.366,2s2.2p.(2P*<1/2>).5g,2[9/2]*,5,2s2.2p.(2P*<1/2>).6h,2[11/2],6,L9405c188
C,1,7.45602,1100i*,1630000.0,4300.0,B,86494.8507,87836.050,2s2.2p.(2P*<3/2>).5g,2[11/2]*,5,2s2.2p.(2P*<3/2>).6h,2[13/2],6,L9405c188
C,1,7.45602,1100i*,1650000.0,5100.0,B,86494.85415,87836.053,2s2.2p.(2P*<3/2>).5g,2[11/2]*,6,2s2.2p.(2P*<3/2>).6h,2[13/2],7,L9405c188
H,1,7.4599,(3000),1025400.0,15127.0,AAA,105291.657,106632.1681,5,,,6,,,L7452
Zn,1,7.46687,80*,,,,72714.245,74053.531,3d10.4s.6g,1G,4,3d10.4s.8h,"(1/2,11/2)*",5,L18676
Zn,1,7.46687,80*,,,,72714.245,74053.531,3d10.4s.6g,3G,5,3d10.4s.8h,"(1/2,11/2)*",6,L18676
Zn,1,7.46687,80*,,,,72714.245,74053.531,3d10.4s.6g,3G,4,3d10.4s.8h,"(1/2,9/2)*",5,L18676
Zn,1,7.46687,80*,,,,72714.245,74053.531,3d10.4s.6g,3G,3,3d10.4s.8h,"(1/2,9/2)*",4,L18676
C,1,7.46984,"1100i,bl*",1430000.0,2060.0,B,86498.4194,87837.135,2s2.2p.(2P*<3/2>).5g,2[5/2]*,2,2s2.2p.(2P*<3/2>).6h,2[7/2],3,L9405c188
C,1,7.46984,"1100i,bl*",1500000.0,2800.0,B,86498.4202,87837.136,2s2.2p.(2P*<3/2>).5g,2[5/2]*,3,2s2.2p.(2P*<3/2>).6h,2[7/2],4,L9405c188
H,1,7.50244,620,156090.0,4161.6,AAA,106632.1681,107965.0568,6,,,8,,,L7452
Ne,6,7.6524,,0.0201,1.33,A,0.0,1306.81,2s2.2p,2P*,1/2,2s2.2p,2P*,3/2,L9340
Cu,1,7.68063,6090,,,,57948.568,59250.561,3d10.7p,2P*,3/2,3d10.7d,2D,5/2,L18473
Fe,7,7.8145,,0.04237,6.746,AA,1049.75,2329.48,3p6.3d2,3F,3.000,3p6.3d2,3F,4.000,L7248
Cu,1,7.82976,6480,,,,56671.377,57948.568,3d10.7s,2S,1/2,3d10.7p,2P*,3/2,L18473
Ar,5,7.9016,*,0.0273,2.51,B,763.236,2028.76,3s2.3p2,3P,1,3s2.3p2,3P,2,L11636
Ar,5,7.9016,*,2.79e-07,3.87,C,763.236,2028.76,3s2.3p2,3P,1,3s2.3p2,3P,2,L11636
H,1,8.15484,120,3358.6,404.54,AAA,107965.0568,[109191.3154],8,,,15,,,L7424c32
Na,6,8.6106,,0.0207,2.45,B+,694.62,1855.98,2s2.2p2,3P,1,2s2.2p2,3P,2,L7248
H,1,8.66446,180,5009.8,630.48,AAA,107965.0568,[109119.1917],8,,,14,,,L7424c32
Cu,2,8.68618,:,0.056,4.1,C+,22847.1176,23998.3718,3d9.4s,3D,2,3d9.4s,3D,1,
H,1,8.760064,420,39049.0,2589.2,AAA,107440.4508,108581.9945,7,,,10,,,L7424c32
K,6,8.82987,,0.0259,1.98,B,0.0,1132.52,3s2.3p2,3P,0,3s2.3p2,3P,1,L11636
Mg,1,8.87116,,625000.0,1080.0,B+,55891.8,57019.025,3s.6s,3S,1,3s.6p,3P*,2,L10070
Mg,1,8.881527,,622000.0,646.0,B+,55891.8,57017.724,3s.6s,3S,1,3s.6p,3P*,1,L10570
Mg,1,8.886588,,621000.0,215.0,B+,55891.8,57017.078,3s.6s,3S,1,3s.6p,3P*,0,L10570
Ar,3,8.99138,*,0.031,2.5,B,0.0,1112.17,3s2.3p4,3P,2,3s2.3p4,3P,1,L11636
Ar,3,8.99138,*,3.6e-07,5.7,C,0.0,1112.17,3s2.3p4,3P,2,3s2.3p4,3P,1,L11636
H,1,9.39203,60,7803.7,1078.5,AAA,107965.0568,[109029.7913],8,,,13,,,L7424c32
Fe,7,9.5267,,0.02965,6.652,AA,0.0,1049.75,3p6.3d2,3F,2.000,3p6.3d2,3F,3.000,L7248
Mg,1,10.43914,15,194000.0,982.0,B,58442.843,59400.763,3s.6d,3D,3,3s.7f,3F*,4,L10570
Mg,1,10.439671,9,172000.0,677.0,B,58442.853,59400.763,3s.6d,3D,2,3s.7f,3F*,3,L10570
Mg,1,10.439907,7,163000.0,458.0,B,58442.874,59400.763,3s.6d,3D,1,3s.7f,3F*,2,L10570
H,1,10.503507,190,12870.0,2119.8,AAA,107965.0568,108917.1209,8,,,12,,,L7424c32
S,4,10.5105,,0.00774,1.33,A,0.0,951.43,3s2.3p,2P*,1/2,3s2.3p,2P*,3/2,L6001c11
H,1,10.80359,80,2267.9,722.66,AAA,108324.7253,[109250.3433],9,,,16,,,L7424c32
Cu,2,10.8887,:,0.018,4.2,C+,21928.7326,22847.1176,3d9.4s,3D,3,3d9.4s,3D,2,
Al,1,10.93693,2,128000.0,331.0,A,41319.39,42233.742,3s2.4f,2F*,5/2,3s2.4d,2D,3/2,L6002
Mg,1,10.97008,51*,,,,59400.763,60312.317,3s.7f,3F*,3,3s.9g,G,3 or 4,L10570
Mg,1,10.970468,57*,,,,59400.763,60312.317,3s.7f,3F*,4,3s.9g,G,3 or 4,L10570
Mg,1,11.029949,,368000.0,732.0,B+,56308.381,57214.992,3s.5d,1D,2,3s.6p,1P*,1,L10570
Mg,1,11.16227,*,,,,56308.381,57204.267,3s.5d,1D,2,3s.5f,3F*,3,L10070
Mg,1,11.16227,*,,,,56308.381,57204.228,3s.5d,1D,2,3s.5f,3F*,2,L10070
Mg,1,11.163763,,459000.0,2210.0,B+,56308.381,57204.163,3s.5d,1D,2,3s.5f,1F*,3,L10570
Mg,1,11.275588,,,,,59428.853,60315.722,3s.7h,H*,,3s.9i,I,,L10570
Mg,1,11.292682,,,,,59430.517,60316.041,3s.7i,I,,3s.9k,K*,,L10570
Xe,1,11.297,,,,,90861.506,91746.564,5p5.(2P*<3/2>).4f,2[9/2],4,5p5.(2P*<1/2>).5d,2[5/2]*,3,L4227
H,1,11.308681,420,82370.0,9515.8,AAA,107440.4508,108324.7253,7,,,9,,,L7424c32
H,1,11.53954,110,3325.3,1134.8,AAA,108324.7253,[109191.3154],9,,,15,,,L6002
Mg,1,11.791482,40,355000.0,2590.0,B,58575.477,59423.537,3s.6f,1F*,3,3s.7g,1G,4,L10570
Mg,1,11.791605,30*,325000.0,1840.0,B,58575.527,59423.537,3s.6f,3F*,2,3s.7g,3G,3,L10570
Mg,1,11.792118,50*,332000.0,2420.0,B,58575.527,59423.537,3s.6f,3F*,3,3s.7g,3G,4,L10570
Mg,1,11.792118,50*,28500.0,161.0,B,58575.527,59423.537,3s.6f,3F*,3,3s.7g,3G,3,L10570
Mg,1,11.792118,50*,,,,58575.527,59423.537,3s.6f,3F*,3,3s.7g,1G,4,L10570
Mg,1,11.792301,65*,354000.0,3160.0,B,58575.527,59423.537,3s.6f,3F*,4,3s.7g,3G,5,L10570
Mg,1,11.792301,65*,22200.0,161.0,B,58575.527,59423.537,3s.6f,3F*,4,3s.7g,3G,4,L10570
Mg,1,11.792301,65*,434.0,2.46,D+,58575.527,59423.537,3s.6f,3F*,4,3s.7g,3G,3,L10570
Mg,1,11.792301,65*,,,,58575.527,59423.537,3s.6f,3F*,4,3s.7g,1G,4,L10570
Mg,1,11.87952,,156000.0,644.0,B,58477.02,59318.775,3s.7p,3P*,1,3s.7d,3D,2,"L10570,L6002"
Mg,1,11.89031,4*,5750.0,14.3,C,58477.76,59318.793,3s.7p,3P*,2,3s.7d,3D,1,"L6002,L6969"
Mg,1,11.89031,4*,51900.0,215.0,B,58477.76,59318.775,3s.7p,3P*,2,3s.7d,3D,2,"L6002,L6969"
Mg,1,11.89031,4*,207000.0,1200.0,B,58477.76,59318.764,3s.7p,3P*,2,3s.7d,3D,3,"L6002,L6969"
Mg,1,11.9312,,86700.0,218.0,B,57017.078,57855.214,3s.6p,3P*,0,3s.7s,3S,1,L10070
Mg,1,11.940293,,260000.0,655.0,B,57017.724,57855.214,3s.6p,3P*,1,3s.7s,3S,1,L10570
Mg,1,11.959069,,431000.0,1090.0,B,57019.025,57855.214,3s.6p,3P*,2,3s.7s,3S,1,L10570
Al,1,12.02828,1,355000.0,1220.0,A,43335.024,44166.398,3s2.6p,2P*,1/2,3s2.5d,2D,3/2,L6002
Al,1,12.03432,2,427000.0,2200.0,A,43337.889,44168.847,3s2.6p,2P*,3/2,3s2.5d,2D,5/2,L6002
Mg,1,12.20844,,202000.0,906.0,B+,57204.163,58023.246,3s.5f,1F*,3,3s.6d,1D,2,L10570
Mg,1,12.32172,55,,,,58618.942,59430.517,3s.6h,H*,,3s.7i,I,,"L6002,L7003"
H,1,12.371912,410,456080.0,41774.0,AAA,106632.1681,107440.4508,6,,,7,,,L7424c32
H,1,12.387153,340,23007.0,5223.1,AAA,107965.0568,108772.3445,8,,,11,,,L7424c32
H,1,12.58705,210,5079.7,1959.9,AAA,108324.7253,[109119.1917],9,,,14,,,L7424c32
Mg,1,12.58843,2,726000.0,715.0,B,57214.992,58009.41,3s.6p,1P*,1,3s.7s,1S,0,"L6002,L6969"
Ne,2,12.813548,,0.00859,1.34,B,0.0,780.4240,2s2.2p5,2P*,3/2,2s2.2p5,2P*,1/2,L6510
Ar,5,13.1022,,0.00805,2.0,A,0.0,763.236,3s2.3p2,3P,0,3s2.3p2,3P,1,L7248
Mg,1,13.45318,20,60700.0,219.0,B,58575.527,59318.793,3s.6f,3F*,2,3s.7d,3D,1,L10570
Mg,1,13.454065,15,54200.0,326.0,B,58575.527,59318.775,3s.6f,3F*,3,3s.7d,3D,2,L10570
Mg,1,13.454528,40,55900.0,470.0,B,58575.527,59318.764,3s.6f,3F*,4,3s.7d,3D,3,L10570
Ne,5,14.3217,*,0.00459,2.51,B,411.227,1109.467,2s2.2p2,3P,1,2s2.2p2,3P,2,L11744
Ne,5,14.3217,*,1.1e-09,0.297,C,411.227,1109.467,2s2.2p2,3P,1,2s2.2p2,3P,2,L11744
Na,6,14.3964,,0.00598,1.95,B+,0.0,694.62,2s2.2p2,3P,0,2s2.2p2,3P,1,L7248
Ne,3,15.5551,,0.00584,2.44,A,0.0,642.876,2s2.2p4,3P,2,2s2.2p4,3P,1,L7248
Xe,1,18.514,,,,,90907.09,91447.474,5p5.(2P*<3/2>).4f,2[5/2],3,5p5.(2P*<1/2>).5d,2[3/2]*,2,L4227
S,3,18.713,,0.00206,2.49,A,298.69,833.08,3s2.3p2,3P,1,3s2.3p2,3P,2,L3461
H,1,19.06196,540,227200.0,99258.0,AAA,107440.4508,107965.0568,7,,,8,,,L7455
Ar,3,21.8302,,0.00519,2.0,A,1112.17,1570.23,3s2.3p4,3P,1,3s2.3p4,3P,0,L13330
Fe,3,22.925,,0.002884,9.036,AA,0.0,436.19,3d6,5D,4,3d6,5D,3,L7250
Ne,5,24.3175,,0.00129,2.05,B,0.0,411.227,2s2.2p2,3P,0,2s2.2p2,3P,1,L11744
F,1,24.74384,,0.001187,1.333,A+,0.0,404.141,2s2.2p5,2P*,3/2,2s2.2p5,2P*,1/2,L5746
